Actual,RF_Pred,XGB_Pred,Cat_Pred,Ensemble_Pred
1993.0,1647.3145037164243,1990.6255,2037.4897025470868,1904.0346801118762
1227.9999999999995,1296.9008490020494,1243.1411,1236.5515474845788,1256.9626920721705
2472.999999999999,2182.460995638067,2289.3713,2427.9064982259606,2305.785541332225
2090.999999999999,1620.8098311108654,2057.1472,2049.185790858926,1923.45950201279
2014.9999999999989,2037.7443538375624,2096.6628,2041.9656838954336,2059.8432657295143
930.0000000000001,1256.2549197745877,958.1138,942.2138559806881,1041.991138758039
1061.0,1118.9568206614704,1106.752,1068.3879091143858,1096.9860040857416
700.0,791.1280099370994,679.0039,678.1279156041687,712.3345406300888
1519.9999999999995,1710.4668051347792,1530.0087,1540.894661610547,1587.9562248619377
1277.9999999999993,1256.9265920087641,1284.7374,1191.8261938154888,1243.875226492738
584.9999999999998,789.7842814754748,606.68494,611.6594395072107,663.3558099498537
618.9999999999997,725.639504657444,631.6605,626.0445192019099,657.8886098757141
570.9999999999999,732.8676698622612,587.5468,591.0949823670574,632.3849327266015
1607.999999999999,1892.4831041153798,1681.359,1648.2389642902385,1733.1042157088536
1112.9999999999993,1251.024997307449,1137.7683,1134.8633161762818,1170.728562441824
1226.9999999999998,1392.9553039631653,1254.8737,1247.854459579399,1293.841432071036
1180.0,1254.4955120187944,1193.4944,1165.1413233649323,1201.8711392443022
1392.9999999999993,1315.3750545613618,1366.4613,1358.3828151252778,1348.3079457540525
760.0000000000002,1037.8276519652393,753.1698,762.6514620914182,841.8857433567243
2374.999999999999,2148.221945045351,2250.3794,2365.998833417032,2260.1989266744104
1592.999999999999,1499.2359497848277,1572.9427,1602.3371644104918,1561.1187607408392
839.0,807.7354802409465,756.5231,799.1291714548296,786.7989351361618
798.9999999999999,846.789105957137,763.5358,791.2452894391389,798.2101319189646
1984.999999999999,1601.0026835773012,1993.6592,1992.431516464709,1875.4325365194322
1715.999999999999,1555.7215561311195,1677.484,1709.4628901482865,1652.1478631568611
1219.9999999999998,1515.2856228609223,1226.5696,1233.9779144664603,1315.7773038453659
1331.9999999999993,1459.7772774372268,1363.1678,1333.3485361210912,1381.7139050044093
2045.9999999999995,1544.9535789671447,1986.4191,2022.1587750138356,1866.488288011392
2072.9999999999986,1965.8415771928933,2091.8423,2051.7850489174452,2040.0220156695987
1324.0,963.4119908032022,1299.7878,1249.3837835789357,1181.2336722260102
942.0000000000001,1159.1341469307301,969.073,958.3256748726134,1022.3297673940087
1954.9999999999993,1260.407002538093,1828.3219,1868.7431351910163,1672.0948567696898
1791.0,1797.5743895815338,1804.2952,1825.6850558800706,1809.7653823309224
1324.0,1381.8314388831109,1350.2019,1338.1197930854755,1355.4620074382092
1303.9999999999993,1317.9497073530754,1324.3472,1271.7634014458515,1304.0236176045487
665.9999999999998,811.5985755691331,666.2802,668.2620402745035,710.5693611076365
1558.0000000000002,1301.9160514866853,1531.8253,1546.0522381062112,1467.8319537636482
1399.9999999999995,1425.5436494293106,1397.3512,1412.2154834106873,1411.0114205166742
2336.999999999999,1562.519331249497,2075.9646,2223.748963133727,1973.6555219208724
1462.9999999999998,1238.5936083837314,1466.5315,1447.3156574092307,1391.4245733505377
1068.0,1183.4326940903895,1101.9104,1055.9573279025196,1110.2835131297174
2463.9999999999995,1767.3202638867813,2181.6082,2309.2326842386756,2101.990384860508
2493.0000000000005,2159.1904594698544,2275.9753,2396.6722839738895,2283.183806860724
1511.9999999999998,1619.1376787747297,1517.3447,1520.96595020699,1549.1500038806466
535.0,688.2526550763774,598.5742,564.486748943633,613.5471352156848
1402.0000000000002,1623.7129792483179,1415.4951,1411.1540544090308,1476.44109162625
2274.0,1567.9692267895794,2125.3655,2107.4034141805764,1951.8598926875757
2354.0,2073.361381314429,2243.0322,2310.5472251611313,2215.7612224975996
1066.0000000000002,1206.0841015794838,1123.9229,1117.578770222813,1146.3507858916732
2236.9999999999995,2014.8741164149887,2181.8516,2225.7058596236893,2147.107296046694
651.0000000000001,825.8557964321983,682.669,659.6204673463651,717.5580455672934
2274.0,1527.7367989491747,2106.8972,2158.3987716397246,1951.1746112234996
636.9999999999999,836.2669993862334,651.7819,631.427145063965,700.0032730736093
615.9999999999995,764.3809127877278,640.89923,618.4700405537399,670.0935158133304
1883.0000000000002,1749.6104063159835,1860.6664,1893.5719563273467,1838.8665219413977
1922.0000000000002,2041.6729644038069,1993.446,1963.6353579884403,1997.4803803397522
1800.9999999999998,1887.155886699039,1805.6696,1808.7933113576994,1831.20873894975
2429.0,1967.523266244922,2264.6338,2333.0387476189653,2199.4423677119894
1862.9999999999998,1351.5005167424536,1840.8998,1856.5585615184236,1699.5605929604342
2431.999999999999,1581.0750577382737,2169.4353,2242.043279967563,2018.3400334741918
1852.9999999999998,1531.1708005113053,1803.4371,1854.8116506007568,1739.738320793344
2297.0,1977.0406466610705,2221.0273,2272.1097881763385,2165.710177965508
2051.0,1404.1849274219517,1933.141,1982.954827640569,1791.8890331351595
1287.9999999999995,1212.0873868208926,1281.4205,1308.7511843069358,1270.1863229365076
2383.999999999999,2043.1431171848546,2270.4177,2295.9680322978797,2211.177925658933
1796.9999999999995,1594.9081844983095,1761.3206,1776.25440691383,1716.6236559724584
1545.9999999999998,1481.338962860222,1533.5073,1573.404937475072,1531.8209560368418
2257.9999999999986,1827.6358981176418,2181.737,2228.0470627556765,2091.7152125911853
1702.0000000000002,1442.9745319512858,1704.6343,1690.5263062622416,1621.198576054514
1604.0,1489.7957045901674,1589.6017,1625.9832177746766,1572.393433301312
620.9999999999999,851.9251717949169,647.55524,641.3542070286667,706.6958568842506
976.9999999999995,1232.698967606332,1024.4825,984.1769170960313,1072.8404894393386
2037.999999999999,1620.773259590298,2021.7864,2018.3639376430895,1900.2846001927956
1223.9999999999995,1302.5980891064066,1247.2954,1213.9035687975463,1252.1990510552039
502.0,759.8620784241787,596.94305,592.8045050463572,644.3702692632053
2043.0000000000002,1954.1801167313504,2073.0403,2055.9225152012655,2031.3910022539105
1343.0000000000002,1453.5157794093825,1332.2915,1343.050880720721,1372.4245745457702
2450.9999999999986,1878.2834822116606,2210.029,2286.3327377487653,2137.2116347115034
2018.9999999999993,1998.5242661540012,2092.1877,2006.103937464097,2033.9593439937905
668.9999999999999,969.3510212159647,694.93427,680.7319479806234,772.2884779041013
1716.9999999999993,1718.9026080966048,1724.274,1744.5875201423273,1729.7723251233274
2075.9999999999995,1804.2569170711147,2074.9062,2018.5824478207028,1973.9980949445176
552.0000000000001,743.9087970833082,613.36194,560.4420306820475,634.0040313822637
1406.0000000000002,1399.5653688655402,1396.3148,1382.0549607605303,1392.2990214863944
658.9999999999999,827.4811480767784,675.42456,669.069096255814,718.817118200459
711.0,911.0733558903809,711.9323,705.2459381798445,769.3343851788879
1874.0,1965.1272314795528,1887.2838,1863.3702614799017,1902.2670773680816
1712.9999999999989,1280.5172638279269,1795.0212,1791.5240575979012,1639.446045596706
947.9999999999994,842.3323192575551,879.16626,931.6530456568636,886.4864526751375
794.0000000000001,864.7678437406615,788.7005,804.5225582804169,817.0584145359693
1156.9999999999995,1033.9179285093248,1184.0485,1149.873483196889,1127.0480593416305
1547.9999999999998,1556.4881139294005,1565.7902,1590.4811211591416,1571.6413768774883
1749.9999999999989,1472.7697863617311,1795.7646,1745.7750714599197,1681.3698500796472
556.9999999999999,733.1308184825159,599.23615,593.5884059295648,637.4278383769383
791.0000000000001,849.0733040366549,784.2385,792.8601331498687,806.7065278036849
1480.9999999999995,1531.852157204048,1494.0574,1487.5604223609103,1503.1218389328455
2125.9999999999986,1413.0505108594907,2058.7122,2033.7697816605394,1856.2838322101297
1651.9999999999995,1705.7773588100254,1646.2252,1661.0917775075654,1669.294162778468
764.9999999999998,1017.7299731430521,754.4994,784.2344024952332,843.8758008826534
659.9999999999998,845.6145262863611,664.28436,662.567752370223,718.0825981930254
1481.9999999999995,1468.2889461499308,1469.4055,1490.7829544117706,1476.5526490414427
860.9999999999998,1068.5059911248497,953.3296,880.724555228747,962.4707359057976
1789.9999999999993,1777.355014684944,1813.8956,1798.1082767137696,1797.4078656107713
2113.9999999999995,2061.7504082314103,2143.8308,2137.224106086565,2116.8943188770645
1516.9999999999993,1544.6683677427059,1512.0571,1500.5829353295878,1517.8245083912925
618.9999999999997,800.956647000226,652.84204,668.5180080921253,702.7630021325069
915.9999999999998,878.6012784943725,918.1713,917.2000224047986,905.9603462239756
916.9999999999994,917.4056557480923,925.7896,915.983726172756,919.8423680723922
1675.999999999999,1586.824584801507,1667.514,1665.548993984995,1642.6194061477001
579.9999999999998,706.7300351109192,669.1577,649.5814584692756,673.5777211928347
1687.9999999999993,1617.9267428738563,1692.7366,1710.3117342830046,1676.4448935330834
1392.0,1387.3591205723308,1392.9926,1366.7512623208825,1382.118071782836
1767.9999999999995,1865.6385690023144,1793.4735,1773.1498062156857,1808.0097011183716
1767.9999999999995,1554.5151844869054,1699.2814,1773.0570046601856,1681.6729810982304
1415.999999999999,1438.5373748301718,1413.4797,1420.1381994517326,1423.3274777649704
2237.9999999999995,1894.8624891772536,2149.9524,2204.778794828518,2092.614662345501
620.0,819.9496605607221,654.39343,616.00104526433,690.6229684785055
1019.9999999999998,1079.6460409911133,995.94824,1016.1836407250853,1028.1399652132231
1443.999999999999,1243.0311854651827,1400.629,1443.8785259364367,1368.4869935259014
1884.9999999999986,1749.262927922366,1930.9003,1858.2830298161045,1850.9930022889089
2480.0000000000005,2102.963994291099,2284.8708,2385.805579954806,2265.6259242207307
511.99999999999994,756.9554277020451,589.75366,560.4953299523974,629.6737663769604
1812.9999999999993,1778.7823211105194,1820.3223,1841.6733954369847,1815.3331777048502
1260.9999999999995,1217.0096632785958,1263.7932,1281.3673429759103,1255.9090752263191
2219.0,2143.3439471901015,2244.306,2217.930924422814,2204.78608778314
759.0000000000001,852.825702577616,770.0316,759.9474088980973,791.3403512509001
1511.9999999999998,1568.724319215498,1489.7618,1498.7745094799639,1516.6050000591993
2258.999999999999,2128.7838901378673,2244.5886,2267.0317177211123,2217.7022863101556
742.9999999999998,975.3328717297608,748.55566,745.5308919154812,815.530150007706
2173.9999999999986,2021.361952714975,2172.7278,2180.141083835755,2129.912677071069
1713.9999999999995,1837.6698933075472,1704.2814,1720.2828261387426,1749.898431261918
1148.9999999999993,982.2712507772145,1167.0248,1100.1543916287942,1088.194091502461
947.9999999999994,1226.2343968481546,970.818,959.6396895902479,1043.5304958114236
1695.0000000000002,1627.765550287588,1684.4424,1713.8417319722025,1677.7290808468597
556.0000000000001,799.0332205074028,612.38544,578.9955693216039,656.6933153171259
921.9999999999997,925.1992670824807,935.5944,935.2994891874205,932.3726396704194
989.9999999999994,960.0778782795219,986.6162,985.1863743483281,978.1542683338964
1720.0,1685.23474226374,1764.5269,1796.4492290949927,1751.9120644834632
2409.0,2063.8446823334175,2245.077,2327.986907427018,2219.7257388033877
2260.0,1994.3538421111716,2176.237,2264.5153102322597,2152.5694946130798
1695.0000000000002,1945.9051542706109,1785.0095,1768.3027852882424,1827.4308170305055
1252.0,1240.8631029236049,1283.8787,1258.9547141854339,1262.2505942697176
2342.9999999999995,1920.8727794206457,2243.409,2274.897873582038,2157.669204814282
1566.0,1737.5460410786702,1573.9406,1575.388667381069,1623.5290573327566
1901.9999999999993,1885.3236088481156,1941.2787,1931.3649113626316,1921.0223113969805
1789.0000000000002,1512.7441982726461,1759.299,1773.9038984645993,1690.4442626162786
860.9999999999998,1008.691776894435,868.42725,848.2859457854626,903.4571380190235
1389.0,1283.6585096076813,1396.598,1408.0283686486798,1366.7167775636392
1421.9999999999998,1387.4349187149564,1402.9856,1400.297750851132,1397.3796408049611
1526.0,1707.1855903154299,1564.9268,1549.592186629529,1602.237307649339
1895.9999999999989,2031.1541603864912,2026.1112,1981.5111215204927,2012.0140566637447
1283.9999999999993,1178.9631331223525,1270.7971,1269.423423312422,1242.7661297952723
2030.9999999999989,1625.1890390559481,1990.974,2037.6099637324864,1897.561080370811
1358.9999999999995,1530.8923568347732,1354.1133,1390.1401431667275,1419.7563933892552
2327.9999999999986,2123.1457797207713,2246.9531,2315.5249980320577,2233.8110769774516
1835.9999999999993,1483.5892787032965,1827.537,1832.7134998943807,1726.164448027147
1120.9999999999998,1031.2531032536529,1115.0627,1147.3715512067604,1101.2279160371338
661.0,822.8521063523914,653.1745,668.846197157534,709.5628696364403
930.0000000000001,1067.0986103819923,970.6062,923.7334382691406,983.1484447119218
957.9999999999994,995.907292136916,960.3491,945.9942044965129,965.9923515976668
2232.0,1847.1715110400714,2135.4668,2193.6822429894064,2069.353629471595
533.0000000000001,740.6763524093725,593.54614,597.8485072048619,639.1910331468572
2333.0,2117.4377668296847,2254.711,2276.545588852198,2221.1710898581123
1847.0,1839.973382180696,1843.7177,1855.0071684527418,1846.5456710736057
2100.999999999999,1798.5837163602198,2062.0227,2087.3073142357225,1991.8406216679125
2424.999999999998,1685.391527378147,2229.3752,2270.703365989433,2080.644947344902
826.9999999999999,883.836309948485,850.78,823.7883254317252,851.2498171395555
2137.0,1987.54753230013,2136.8303,2109.0191160036534,2082.3115752913177
566.9999999999997,731.7556372682814,601.044,572.1827737390637,630.1560642108363
1845.9999999999998,1672.3783161644592,1845.9497,1853.7447762589725,1796.6065640009156
1234.9999999999995,1150.9305917342028,1246.2821,1256.3406333591877,1221.1971296647266
1029.9999999999993,1017.4220434838917,1067.3353,1028.375022196764,1038.7252231089567
1596.0000000000002,1545.1148388900638,1573.505,1607.5852648148496,1576.9160399576851
1640.9999999999995,1361.7031010727444,1596.2864,1625.822921379645,1536.249148117199
1880.9999999999995,1885.6962894054363,1881.0562,1879.355704473541,1881.8530122936204
647.9999999999997,852.5762659402704,673.93024,671.9765791804246,726.840262329214
1082.9999999999993,1215.3573973550083,1089.0958,1091.9863413459275,1127.9859713924209
2011.9999999999993,2063.2706598023456,2043.7175,2049.4253868317933,2051.5812307927686
2018.9999999999993,1847.730545536634,2055.2686,2025.5969242736858,1982.6220812974052
1387.9999999999993,1345.7581193863664,1370.1746,1433.771589450023,1385.1085883148241
539.9999999999998,753.4339061717504,631.1874,617.9655218999358,663.2336776366199
2080.999999999999,1947.592732708417,2104.2214,2091.041670712983,2052.619882589413
1113.9999999999993,1120.4418310063359,1122.2404,1106.1106862676936,1116.0554081479372
2438.999999999999,2209.746296534351,2291.7502,2347.706563533165,2286.733735025038
1036.0000000000002,1252.1320454664287,1049.675,1027.7555403756542,1102.7403137577357
787.0000000000001,844.5334939919937,788.92346,778.4966521068659,801.9570758978917
1061.9999999999998,982.0954755145119,1060.0035,1064.5176537396856,1038.2110421663685
800.9999999999994,833.456740370433,783.64,794.6348402682839,802.4332030214355
1658.9999999999995,1800.394921420389,1661.889,1678.2954034819618,1709.183000457303
933.9999999999994,915.9192736806096,942.48346,926.8221569940954,929.0327387122725
2184.0,1859.3109032488392,2121.5383,2189.105524157946,2066.518595543214
1222.0,1117.5839218228864,1231.8356,1220.8346996937382,1193.7097774943618
774.9999999999995,1163.6158404717144,840.87897,821.1708911056465,930.8022117335687
499.9999999999999,759.4169489933784,595.3096,577.3948501586478,638.2716349146731
587.9999999999999,719.2315448466311,594.9139,589.8301035879045,630.4298483425684
1856.9999999999995,1835.781865901632,1889.273,1866.521266928572,1865.2625476290834
1826.9999999999995,1787.7282848515017,1880.1464,1832.8123375044734,1835.85401207811
524.9999999999997,748.1542284563944,615.70703,620.4344260243353,657.0957694276622
1611.999999999999,1630.435334501704,1594.8247,1630.3801540805532,1617.9523139466733
1264.9999999999995,1313.5689310571258,1262.734,1267.6401743862993,1279.70164953203
2083.0000000000005,1970.9467211400904,2064.052,2067.891743771728,2037.4643395527569
521.9999999999997,735.7800876305707,605.5802,583.6533466168991,636.9657615699296
2361.0,2158.3623689573815,2284.678,2334.8068318925853,2264.328369916025
1243.0,1247.761091010824,1236.1108,1226.1138707073148,1236.10697599612
649.9999999999998,800.8571014768143,668.2677,637.7895235189313,697.3771556912718
2158.999999999999,1792.202299506637,2090.4148,2129.9904784853397,2014.8024989234223
2157.0,1483.5287621103157,2042.8441,2053.4813546232194,1878.7725251145027
1271.9999999999993,1415.9304918413918,1267.8502,1320.4283995057358,1330.676645973175
1897.9999999999998,1798.391016380523,1909.4175,1907.943222536394,1875.5935143448633
2300.9999999999986,1867.4875360327635,2182.3108,2258.4981876845204,2114.52940335488
2478.0,2054.7783111137223,2276.2805,2361.750679952937,2239.744412469988
1640.9999999999995,1164.775865920041,1556.3885,1562.3979780739385,1441.0080140159532
1769.9999999999989,1870.2274894074312,1774.3652,1789.6308457259297,1808.4668748575548
850.9999999999997,826.7127175969937,874.9108,876.1105515096974,860.8712888250702
1819.999999999999,1883.2641622078013,1842.7117,1848.332903741932,1856.8448616517042
596.0000000000001,764.1930571321453,615.5986,605.0160810615446,656.4730486850124
1299.9999999999995,1559.224465785471,1334.4689,1305.010050018139,1391.5849441560524
2193.9999999999986,2076.789128278262,2202.8147,2191.916507432472,2161.1926235067185
1883.0000000000002,1750.48115316001,1853.167,1839.4630207487182,1817.5648626827106
2004.999999999999,1564.4825811204346,2020.2562,2016.0737580675554,1882.060250304306
979.9999999999995,993.9867605777144,973.19116,971.7822369742103,978.9367239560847
1921.0000000000002,1576.2339109654,1877.9221,1908.1514051362037,1797.9958701654164
1880.9999999999995,1629.3742953800347,1924.9998,1933.9846528145604,1839.456795028794
1044.9999999999995,1083.8074380592934,1060.6073,1060.6602395968534,1067.5858702083274
688.0000000000001,876.0016993935068,707.6841,665.3506302381999,743.3626530088438
594.9999999999997,742.8426251143534,617.8714,577.6515739313555,641.2858280343039
2140.0,2083.1037441016724,2159.987,2106.587507592797,2118.232234286418
1241.0000000000002,1087.3589338539853,1228.4916,1222.4153080165772,1184.0250838604352
2113.9999999999995,2033.2938951100682,2115.0151,2110.058874181176,2088.764084555026
1779.0000000000002,1756.257687389703,1765.9686,1801.097624418763,1775.3504640212905
1047.0,1255.8547099846576,1064.8059,1042.2285657840248,1114.2184788908999
657.0,987.6705454455936,663.56494,635.3019971120441,750.9045890633231
2352.9999999999995,1804.371783495113,2184.548,2234.8237157266817,2088.0916324278724
876.0,869.6711043216492,856.1595,851.1669007293244,858.4655693056645
1088.0,1086.5660363283737,1100.0891,1076.3883083339936,1087.7369077802537
1343.0000000000002,1540.0613946986196,1322.2595,1342.542938611939,1394.6992794432956
1088.0,1285.9776388992545,1107.9982,1120.6251601151766,1165.8114446339164
908.0,1260.1955202911236,959.9889,925.5079442059584,1037.9825303094226
963.0,1170.5515202879687,949.32306,958.511830956532,1018.9076584446143
1159.9999999999995,1390.524737562489,1213.0933,1169.5417963346508,1251.079691587437
1607.999999999999,1700.755605886544,1603.4099,1613.0972096504468,1636.004186588932
1914.9999999999998,2099.0054765925192,2039.0555,2017.9503160456802,2049.653687187494
805.9999999999995,1008.1885993203118,831.07355,805.5976161966341,875.2914778867905
1940.999999999999,1833.6890975413617,1966.3958,1969.7166911771874,1927.746096565049
2201.9999999999995,1628.9731568656712,2141.1377,2192.3009891340766,2005.395486616003
2346.0000000000005,1846.5975026025271,2140.2869,2246.5627876998637,2089.3766293077415
2130.0,1830.997487576834,2132.658,2104.208255543416,2032.202433564808
1015.0000000000002,1048.001866045312,1011.8406,1008.7874579928176,1021.6203656677204
1545.9999999999998,1483.1005474238916,1543.3864,1551.6348677486765,1528.187609638423
1566.0,1502.4806476552767,1541.5597,1549.0851594681965,1532.4698985479517
1056.0000000000002,1040.1665990328338,1078.0334,1059.3010466042806,1060.117052564317
1079.9999999999998,972.6474015910087,1092.6461,1087.5323095724661,1054.8566762886032
2392.9999999999995,1915.813336871546,2236.9072,2294.005269782521,2160.563386989252
579.9999999999998,791.8101796658909,630.0661,602.0944706553096,668.7992509533444
918.9999999999995,1106.1572020380277,960.7416,926.6710090199874,992.441565770357
2310.0000000000005,2097.017428100849,2279.8853,2258.4207134702215,2217.5123170120196
1204.0,1391.0017867640495,1255.018,1227.8613136497934,1286.3082824277362
2204.999999999999,2067.681753622981,2188.8513,2221.736068522783,2164.0101114956497
1722.0,1534.6525751482707,1740.9043,1753.5302870779399,1683.4478403069163
2420.999999999999,2200.3868880549894,2290.7764,2361.9853205495774,2288.582657124474
811.9999999999997,883.9616724363002,823.6037,784.5627366000143,828.0467510448013
2417.0,2105.2750601040843,2246.176,2310.6483548745027,2226.4710633310515
1023.0,985.7369191020078,1025.5496,1020.8806086471747,1011.9716410520354
932.9999999999994,1112.854793691052,969.4288,924.2766073849247,996.6533300377423
905.9999999999997,1123.4175485308626,934.3417,916.3337682431747,984.7616757295262
620.9999999999999,739.9667281720117,635.3951,609.4078098194415,657.6710270348924
1489.9999999999993,1504.863512859372,1490.8748,1486.7605086033059,1493.6313842127186
1305.9999999999998,1303.989882188363,1315.6006,1310.219538710635,1310.2340082833562
2305.0,2141.1672222901684,2262.0261,2262.0695508597437,2225.7836159332733
2130.0,1684.3904046923674,2035.1633,2117.577193142142,1958.7762679137097
973.0,959.0204971050287,998.4886,993.5775126778206,984.929286869527
2132.9999999999986,2122.418690990022,2245.2195,2135.588472822218,2170.0083550113454
2225.9999999999995,1744.1724622236854,2133.5657,2176.7802521931635,2031.8728127745567
938.0,937.7594496753353,888.8881,941.3225025705012,921.901550646026
2137.9999999999986,2029.4551621032085,2138.3875,2133.724164947021,2104.0756142725763
2349.999999999999,1916.7645313126857,2199.5564,2324.468132689729,2158.437932397711
2112.9999999999986,1645.8991864449715,2041.6107,2100.6821537480278,1943.5722304484261
2386.9999999999986,2189.3898826057075,2288.81,2343.5491161023087,2278.1426515112703
2165.0,1826.903928003292,2062.603,2156.0036488203955,2024.58352726547
1194.9999999999998,1299.2289235541414,1205.7896,1194.2591903291457,1229.7857303513651
632.9999999999999,817.5070520699875,685.2958,630.6274002464221,705.8252213322439
1851.9999999999998,1539.1787764399012,1863.6025,1824.159395354715,1752.470285563933
860.9999999999998,895.5087689377174,861.51697,867.3502681981772,873.756169374896
921.0000000000001,1150.0343242632673,957.8934,934.0724803928151,1007.1983302113874
648.9999999999999,783.5702196536582,662.96313,637.5068697283339,690.2355644172253
1172.9999999999995,1453.3989056537,1232.1471,1194.8761171164172,1285.477777530606
2443.999999999999,2060.27828251335,2286.8555,2346.910665893749,2239.901631879317
615.9999999999995,699.1774354462613,632.1126,607.4726425249698,643.6080659180084
1330.999999999999,1332.9692300250854,1332.7576,1329.6071216745052,1331.7184105193837
911.9999999999997,1038.9398205862742,862.4626,877.8168244281612,920.779742684723
2439.9999999999986,1596.7499000074436,2159.7358,2244.059241365644,2020.3532362184897
1481.9999999999995,1721.119721147979,1495.5637,1473.973116363744,1555.6737726967042
1714.9999999999989,1291.7147802406964,1802.7007,1748.0778747236766,1630.2869416903395
1567.9999999999995,1478.5385234201278,1558.6746,1573.8506920838602,1539.9453710327332
1375.0,1291.5683310593695,1381.4033,1358.2004370763332,1346.3318021968712
999.9999999999999,1079.7002340909205,966.1452,962.9316779351951,999.0869753756881
1253.9999999999995,1447.6018186294918,1287.2185,1245.1287394690844,1320.6020631432614
2231.0,2040.2185571714945,2224.4292,2226.2101841292724,2169.789363530287
1807.9999999999995,1373.5461344652836,1796.9774,1850.2704116053621,1688.6005620381807
761.9999999999999,862.2475378877981,784.3875,766.0695901639165,801.3342319373819
887.0,935.3079949119572,877.7882,875.1732064535396,894.128881328029
1646.0000000000002,1697.692619933325,1655.1675,1668.583712678813,1672.6206791675818
2404.0,1709.4023833186097,2205.4182,2230.991158997961,2065.5639829495567
1800.9999999999998,1530.6817764050081,1833.1196,1797.9215418193023,1730.0689304684147
559.9999999999998,812.1734756060358,591.09326,604.3291685257258,662.0498963191351
1805.9999999999986,1835.3332773629083,1827.6669,1839.74203893698,1834.1931074813465
2475.999999999999,1827.105564789696,2198.007,2297.5889919066103,2121.5903068385974
902.0,1086.0536240087015,885.64453,893.399280709072,948.4814213882855
1868.999999999999,1905.1972443101179,1867.582,1902.486592854248,1891.0831673154594
1431.0000000000002,1521.695457523471,1409.5288,1430.14712018973,1450.3952123312592
2210.0000000000005,2189.096035324531,2197.4954,2241.7628486865824,2210.4691596884445
805.9999999999995,899.8257074773209,835.23724,791.4532317117244,839.2893816723779
2055.999999999999,1765.4009380997356,2065.5977,2047.28903807421,1969.1306122363628
1183.9999999999995,1269.5597384328871,1211.7468,1202.800941865575,1225.9596403429737
2034.9999999999998,1908.3114347720243,2063.5894,2016.8898783574111,2000.661174477795
828.9999999999998,856.5804447139733,813.01025,835.9091526775313,834.0959257185154
1693.9999999999998,1818.823401377598,1705.3893,1723.355976130795,1745.7078425278073
1097.9999999999998,1316.2383428415676,1096.4037,1118.1635372499695,1169.970012862616
977.9999999999999,974.6444812079096,961.7634,993.4144690591845,976.7055960330874
928.9999999999997,1218.0917606521962,974.9212,940.3407689543789,1035.7692094390663
1899.9999999999993,1770.3667505777396,1918.3073,1884.0427033915132,1861.9325030986329
2098.0000000000005,1983.9993982445296,2109.0364,2056.2527452687063,2053.0510000439685
1260.9999999999995,1256.9550030214912,1281.8059,1255.6763648685896,1265.2052781710006
2481.999999999999,2190.376368765363,2278.8577,2371.508491388701,2284.74104130706
1636.9999999999993,1666.9080689700368,1623.2203,1644.2598271914285,1643.6904964384798
2258.999999999999,1248.949188060076,2094.3677,2127.6165074486316,1852.3792205484813
1488.999999999999,1410.4135017909941,1512.7513,1457.6964789693086,1462.7807698367124
1231.9999999999998,1277.7158269109443,1238.4708,1212.880854374152,1241.2878298190801
889.0,1151.5199884751157,933.8944,895.576866342705,985.7709368718563
1323.0000000000002,1171.1632518079443,1304.9923,1341.8195730587074,1277.733140566056
682.0,865.9860605294007,700.5009,681.1372962034447,743.369195316354
1146.9999999999995,1350.9242875836837,1196.5393,1192.617690282517,1241.4822351982048
600.0,768.4894092773557,608.24036,607.3825337154273,656.0148343394657
1639.9999999999989,1790.636605117755,1640.1726,1665.2601220371891,1694.0924490530301
2294.999999999999,1822.3650725189643,2164.6394,2196.2361728512265,2073.0159615504936
1588.9999999999989,1361.1772328392874,1581.1937,1651.4849037262395,1539.7906718005013
738.9999999999998,979.1607940920755,717.3461,740.2566904875115,803.909216372861
2208.9999999999995,2035.6996674776365,2166.4949,2199.6231542014707,2138.851197573181
1194.9999999999998,1166.853127385795,1167.6248,1164.1961250491092,1166.1932526372236
1927.0,1775.2342559763022,1961.4299,1896.3955507887563,1882.8092078502052
1902.9999999999993,1877.0279750865443,1938.541,1919.5730880066944,1913.4482921759623
1375.0,1248.956300302834,1371.2113,1365.765748060138,1332.628852107211
1339.9999999999998,1318.2888523351116,1331.9736,1334.9620983432212,1328.9141555015203
631.9999999999998,791.9376104607029,638.54395,622.4383433849174,678.9250750270335
1046.0000000000002,919.5002969907961,1093.3655,996.6224717445454,1007.3458716882985
1841.9999999999995,1719.03518623032,1841.1176,1834.2140684721412,1802.0765931155952
1243.0,1357.749335366382,1233.5392,1267.546435118689,1282.7047613975494
1262.9999999999993,1209.345441559831,1234.3748,1225.453171613408,1223.7434009799076
1282.0,1511.599932043068,1300.0154,1299.9239481024642,1363.458732542533
1761.9999999999993,1459.9291905163443,1802.7411,1755.8432256326316,1683.4832367122617
1898.9999999999989,1795.5393103893787,1957.2319,1920.241259718644,1895.7774229831825
2187.0000000000005,1556.952802535217,2114.753,2140.127127759101,1956.2938486598441
1932.0,1490.5700580054818,1931.1572,1910.4187931004778,1791.7226242836869
868.9999999999994,997.6705875716829,861.17236,867.3618360687511,904.2881277334583
2284.9999999999995,1859.9766628264933,2148.1357,2234.6090821755956,2091.953650753938
1332.9999999999995,1340.2712635288906,1391.8651,1363.598844363873,1366.4937455821164
1940.999999999999,1960.9346442970252,1931.9958,1947.3846813672383,1946.063579130922
2431.999999999999,2169.4726942890306,2277.8013,2308.1445032454126,2255.9227921374472
1418.9999999999993,1435.1564079851403,1417.462,1398.0987625294063,1415.9931836167716
659.9999999999998,869.2741707804341,665.1195,672.0591910726141,728.7947924503654
1116.0000000000002,1348.1439023224318,1132.6798,1121.6413484101965,1193.4555698863921
1100.9999999999995,1077.3974498937503,1128.5831,1101.9186622441648,1103.8948561090515
1072.0,1157.3039695710204,1102.1202,1035.721217088472,1095.4356822819589
2058.999999999999,1721.259806662849,1997.473,2098.857601633083,1950.093642121215
1886.9999999999995,1779.4610751330467,1871.9111,1881.1791094154353,1847.41989511266
1321.9999999999993,1493.1972209800917,1341.4889,1317.3784728926425,1378.5627499705147
1731.9999999999995,1749.4840734893742,1703.8212,1731.086116617303,1727.0627652066182
858.9999999999999,950.3709618738465,870.3468,851.0476215521084,887.599324513595
720.9999999999998,761.1349699526819,721.407,708.2544570858086,728.7219978652515
1423.0000000000002,1196.4575047700714,1422.3689,1435.3537313308832,1359.1401589593306
1822.9999999999993,1547.4862724610182,1831.4124,1850.362581340195,1752.8671089378422
1535.999999999999,1770.1698297444211,1592.7365,1574.8007268394242,1639.6889669889997
909.9999999999999,1169.8327453744198,941.6394,917.3529608523551,1001.5971514145564
1982.9999999999993,1871.8904295342138,2004.389,1973.8739893728687,1953.959157953268
960.0,1179.5490160058416,1000.90735,973.9435374447751,1045.0625088253923
2206.9999999999995,2046.568757709061,2188.2007,2183.04704961228,2143.907333934829
1426.0,1531.3676505081462,1442.5751,1427.1566597073427,1463.8164016847793
930.9999999999998,986.145711059168,942.1174,920.5112446967446,947.7637378287984
767.0000000000001,1135.8276519850767,835.1607,807.696176073509,915.7482011177356
565.9999999999998,723.7307855194036,593.45825,606.0885833436828,636.9606280097038
1671.9999999999993,1731.819887474587,1650.3809,1666.8902669845045,1680.5908604682024
1172.9999999999995,1346.123951298557,1199.1066,1179.6180048644733,1236.3907734690858
1769.9999999999989,1560.4059985382178,1758.6461,1759.5498303456877,1699.4903632293308
1744.9999999999998,1434.8990514057214,1716.8737,1744.2626977109126,1641.867421339286
1798.9999999999989,1814.3400041706811,1830.3502,1811.1364732240056,1818.8223254733562
1651.9999999999995,1518.992168042865,1626.8319,1717.9702903105492,1626.378426337958
1520.999999999999,1401.5522000468807,1515.969,1519.200333820787,1482.7748881794646
1397.9999999999993,1268.1122329635305,1384.7494,1418.1582949274443,1361.4513655941332
1550.999999999999,1545.8430761470172,1545.7101,1539.110752389918,1543.4402213368262
980.9999999999999,978.289464783522,977.303,972.111803392773,975.7820008959646
1436.9999999999993,1375.5371778787892,1455.6208,1441.9055595987077,1426.7953843794344
1969.9999999999998,1531.3951985948247,1946.8751,1952.1633533287122,1824.082044278653
584.9999999999998,753.542150693325,612.391,588.6044419411473,646.4110376559538
1486.9999999999998,1683.54302920744,1481.7141,1479.677025601506,1541.5497822735401
785.9999999999999,1002.5428352485817,798.0447,791.7818708396804,857.2021486790095
566.9999999999997,766.203157582766,613.57874,592.8000815901456,652.0935240491542
547.9999999999999,749.5326674317467,575.2338,615.9637526393825,641.77894653905
2004.999999999999,2007.1900812149713,2001.1815,2036.4003103061855,2015.3106461552502
2176.0,1830.0559720669723,2105.6313,2176.5341895990614,2047.774705245388
1951.9999999999998,1448.3804000529376,1889.8381,2019.436485726526,1802.7602493951654
2431.999999999999,2110.0128337101287,2265.669,2305.1669043536144,2232.7963974961785
1775.0000000000002,1647.37999399537,1781.3445,1759.9110926661217,1733.653461686441
1426.0,1388.070597788767,1431.7373,1441.7036899333152,1422.125533557431
2281.999999999999,1424.540299976679,2094.2966,2223.41683905288,1938.561767841199
1664.9999999999993,1611.3982733242885,1641.2928,1656.4870279422428,1637.642456425509
858.9999999999999,949.4644038922713,886.23956,846.783120609911,891.3972512717753
1449.0,1444.4687904255077,1430.831,1458.7505797807328,1444.6942030880182
2454.0,2167.3612841544423,2301.3901,2368.1088725268564,2284.5330018612012
2434.9999999999986,1961.1126194941473,2256.7524,2356.596591733168,2203.0059352400094
2300.9999999999986,1872.3942176389785,2156.468,2234.3062905324023,2098.4892609233466
1381.9999999999993,1135.950854793453,1360.0945,1383.6080121941536,1301.081111243099
1276.9999999999998,953.3977283944079,1266.8824,1209.0824352066504,1152.6070148347906
915.9999999999998,956.9742877494267,943.9319,916.4863792401728,938.2386787268572
1530.9999999999998,1475.5507111412337,1535.6146,1561.9473398908378,1526.8118701947883
2113.9999999999995,1863.2162388331137,2147.7925,2098.907786446103,2045.3099528631014
1955.9999999999998,1630.0853056379797,1913.9768,1937.3174226737103,1836.9785353303173
1490.9999999999995,1445.138311747485,1458.6195,1497.65774892892,1468.2385208349142
1284.9999999999998,1400.7162659878516,1278.897,1327.1007917438235,1332.3140790258344
1097.0,1117.5311806781986,1097.9453,1081.8760041258997,1098.1968089190088
638.9999999999999,867.6038799542013,668.87494,648.1460409532053,721.2385100093353
1206.0000000000002,1293.5859611913213,1215.4082,1189.707823630509,1229.8663794112776
1455.0,1340.773983969008,1439.1189,1479.368982709882,1423.7029590122079
1014.0,1156.3275580133152,1029.1915,1023.2724440380529,1065.260663832938
1064.9999999999998,1181.568945696018,1058.5424,1063.1376600258138,1097.0586718467464
814.0000000000001,935.3238448073606,830.1472,812.541859496886,855.5383179379933
2383.999999999999,1698.9803122645085,2220.4607,2296.962851007673,2090.7923464148507
1208.9999999999995,1212.437058866329,1234.2617,1206.7402038151326,1218.0817966612108
1502.0,1496.2404462560062,1478.9896,1495.5183432494157,1489.9499163187847
2288.999999999999,1856.9101219174217,2150.9097,2191.4783489357123,2076.9088180777258
2266.0,1606.7531532969451,2094.8394,2183.8398234145698,1979.5636708052766
1213.0000000000002,1095.2028818587826,1227.5774,1209.7506720941599,1181.6256688823876
2016.9999999999993,1990.1604581936554,2010.6123,2020.524601845757,2007.9460425377051
1518.999999999999,1425.9593063966247,1507.4287,1534.7844520160843,1492.5623867457107
964.0000000000002,1208.0816889664304,994.0386,967.7985954279526,1049.0674977557283
1376.999999999999,1408.1382745424778,1400.514,1406.500316170466,1404.8964941454533
771.0000000000002,1017.8977001515666,792.9951,774.895314380528,854.1309488872486
2089.0000000000005,2044.2859864543657,2102.2117,2094.282028633261,2082.0585538095133
2491.0000000000005,2091.454803855893,2286.8555,2364.482311894895,2255.404664382481
2438.999999999999,2178.500484851377,2282.0156,2353.544749520476,2275.9962521235175
1184.9999999999995,1291.0737446089806,1213.7922,1185.4571423905827,1227.0593937272106
2368.0,1684.6746247192575,2243.9314,2255.7699496854384,2080.2978463681807
816.9999999999997,1054.5167560533623,787.824,802.7784248368315,873.065848311634
1007.9999999999995,1313.4852511570807,1022.0556,1014.9481833589039,1106.9968914270376
1417.0,1470.134855466842,1419.8734,1432.979141759371,1439.5388447323949
2471.999999999999,1929.0925528304388,2216.198,2345.098374372748,2175.181508403031
1256.9999999999995,1322.7790431089363,1259.0864,1256.9922106828708,1277.461223488092
949.0000000000001,995.8954068511625,961.84375,942.7117666032747,965.3630345559479
672.0,971.2977675881299,707.9196,685.9485078077906,779.2431738538922
1685.0,1877.3214705093405,1714.791,1695.9707564192051,1756.96302474718
1536.9999999999993,1430.6174255796022,1498.4652,1553.7149477716205,1497.4482889837916
2373.999999999998,2184.913874517775,2283.012,2320.0002678460355,2266.528455320195
539.9999999999998,824.3393995711099,597.4557,587.4358937337357,662.0138644896639
1899.9999999999993,1443.7912654309291,1850.491,1889.4808924298627,1742.1275059445743
1140.9999999999993,1309.5146408238902,1146.145,1161.9707892739834,1200.6949253289986
1732.9999999999995,1918.4668845782433,1799.6475,1779.078075108235,1828.0939785754176
1202.9999999999998,1446.956057434688,1258.6755,1206.503609269047,1296.8995184628543
746.0000000000001,851.9873310010076,777.191,762.2623390396855,794.4048636673172
960.0,997.2907080117794,969.73193,934.1690946446132,965.552553976414
1381.9999999999993,1025.385227931034,1368.6122,1365.5442441708256,1264.5703055480835
2017.9999999999989,1927.4765961671442,2023.3516,2036.6563485634852,1999.2457355153315
729.0,768.3720240343645,691.91833,733.8630201834845,729.535081510857
1729.9999999999993,1645.0769015783544,1686.0167,1714.8585371678992,1683.8293934432086
1214.9999999999993,920.9646669098202,1192.0759,1094.1128947860523,1076.4554757480644
787.9999999999997,1091.4697579336469,841.84094,817.4714449575778,908.2002507421994
648.9999999999999,838.5417338432455,662.2727,686.3549472135369,723.5821923515397
2226.999999999999,1573.8983544687521,2057.1284,2205.2590035023836,1964.005091648491
2378.999999999999,2087.6810904081944,2252.6973,2302.046156022048,2220.464512491894
2355.0,2103.114929608642,2233.511,2300.511696096563,2217.8423933171707
1866.999999999999,1365.0777100822854,1839.861,1876.3895336158912,1710.2110047707163
1748.9999999999995,1150.2215741382847,1683.3947,1657.059742719419,1514.2254925448447
1945.9999999999995,1518.4465825832824,1950.6637,1970.2638855409891,1827.8586345190183
820.9999999999998,846.2380654723622,791.0911,810.5416500000723,814.4428941143901
1532.9999999999998,1514.637631884946,1529.2584,1523.3129929833176,1522.7912545901136
2497.9999999999995,2108.5240724612167,2284.8708,2333.975865325152,2249.153547551387
2417.0,2104.6477085094784,2256.2002,2335.382125215093,2238.4481003234387
771.9999999999997,893.2564422402664,801.73334,782.6107325476614,822.4973479993082
1347.0,1399.246751122324,1355.5143,1348.6955219646657,1366.2474507001114
1271.9999999999993,982.4730432954515,1276.0079,1239.19228982835,1175.061997631683
1137.9999999999998,1204.0401113753396,1138.349,1118.5011688220177,1151.109592158511
781.0000000000001,872.2723731101767,767.60486,786.4958164536754,805.6169298207457
2356.9999999999986,1620.890930604596,2129.8345,2233.2236699622986,2013.337641304902
1433.9999999999993,1330.5823706229742,1418.739,1467.4804167421082,1409.3515118317864
1515.9999999999993,1485.979666891411,1561.3236,1539.0497461285156,1530.9245680483411
1805.0000000000002,1821.8328556071906,1839.1642,1826.6116347392863,1829.571387337001
508.9999999999999,731.9476119877171,615.1832,608.1427161528569,647.7483669402448
644.0,837.5826598226695,641.86346,639.4470360978416,699.7334670019438
1509.0000000000002,1497.6314033568622,1548.6305,1549.1926951105131,1533.5275552137068
1078.9999999999995,1224.4270281467238,1095.5997,1074.4329092130488,1126.8395265709278
1061.9999999999998,1174.431343249916,1090.6667,1070.6932976902094,1108.8054250864698
2140.0,2178.7067132482425,2245.2195,2214.2965581852745,2214.4425915658812
1866.999999999999,1704.5820486353523,1846.6262,1880.3140639723156,1815.8036898129474
1904.9999999999995,2050.7111133692497,1973.1581,1922.6200631603892,1978.7357027965986
2263.999999999999,1705.4175958579044,2129.9675,2173.308554888563,2017.7719204293057
1079.9999999999998,1213.271266463191,1064.1923,1099.4389253285342,1121.2522889601944
2100.0000000000005,1963.165038393699,2110.8079,2074.989102313448,2053.9784121715666
2139.0,1881.8061278236758,2090.31,2195.289929458793,2064.5018341654927
1107.0000000000002,1066.3171679344428,1123.2976,1105.7109313492535,1100.0481206396807
1239.9999999999998,1349.0421252947467,1249.622,1249.1298585125742,1279.275763849075
1275.0,1450.6658234928186,1288.4163,1272.5504655614693,1331.5380887052972
2136.0000000000005,2038.1236697259872,2114.6772,2116.319914886968,2092.286095054016
2478.0,2113.7389915828953,2281.9973,2315.0255289420493,2243.0796682491173
2016.9999999999993,1832.4392045900463,2051.779,2081.469418619141,1996.3687385577755
2043.0000000000002,1897.9748191342123,2044.2188,1976.16662369825,1976.5273265346511
863.9999999999997,849.3994748042882,751.5708,896.2959665498778,831.5732049036656
798.9999999999999,1164.0585903150006,879.78973,838.3741917751688,950.5749358173719
1996.999999999999,1595.5332624335545,1938.8213,2006.992928538684,1859.6949670975118
820.9999999999998,831.9074870183373,796.71106,810.0329491351557,811.9326552559305
2020.9999999999986,1931.3234369968325,2045.7826,2029.8270431515396,2005.8604219833387
629.9999999999998,776.6423676158099,631.5097,633.3068834005003,675.6785160813633
1693.9999999999998,1654.5003469969317,1719.4132,1709.763431271715,1696.5619217433987
859.9999999999998,825.4442877672722,791.38806,839.6024543199975,818.4799546683525
1021.0000000000001,1206.7510347336101,1055.6388,1039.5071343107415,1095.3263792061864
1249.9999999999993,1417.1423986944583,1267.9736,1245.110848095565,1304.7222879261603
700.0,1036.2911060736665,743.2388,708.4209720046321,818.9682474631743
1089.0,1273.8867212860491,1109.5662,1080.0398617980513,1148.5281125463825
1066.0000000000002,1101.3144725195973,1081.542,1070.8739569622874,1083.7399300618204
1336.9999999999995,1233.9383766197552,1324.8694,1372.9855935549765,1314.430755398137
530.0,710.0051954742529,590.69244,549.9136220197082,612.2136816958534
1260.9999999999995,1178.2836650385127,1285.3384,1280.3023290108122,1251.4593533860411
505.0000000000001,737.2888775733509,611.5644,602.2912859201679,646.0361444719937
2097.0,1416.9337287972683,2039.4496,2050.4184004844697,1856.5339318556198
1811.9999999999995,1432.3442718506096,1824.6342,1871.6618317846674,1723.406870922004
1755.9999999999995,1825.5828816176827,1778.6599,1780.4652119056032,1793.3686334764843
916.9999999999994,921.4548656831813,902.8104,892.4507622126006,904.7778690574896
1716.9999999999993,1562.910465022584,1706.843,1732.277420933336,1672.5652563646927
2086.999999999999,1861.0532724811378,2047.2999,2081.5721554762727,2003.421228836818
824.9999999999997,858.4539014576615,813.01025,842.4815023377535,836.9582851226996
1432.9999999999998,1469.03651925352,1440.8312,1444.3466863888534,1450.5231895668421
1015.0000000000002,1201.8546108862645,1050.3536,1020.999139101224,1085.5298612481827
1599.9999999999995,1555.95844221618,1584.3467,1604.639045807077,1582.9324999668622
727.0,871.5306123524242,737.95184,731.7362593130437,775.8500165551363
673.9999999999997,853.639263522211,692.1639,681.2968670945819,736.803037276095
580.9999999999997,811.9919978498601,620.9709,593.9433977262954,668.8176017915832
977.9999999999999,973.746731810758,966.5945,978.3598752339926,972.8580508262967
977.9999999999999,1205.59165722016,995.40405,996.7645445262787,1058.9365062072766
1612.999999999999,1636.4034384177944,1585.6619,1582.2101501957943,1599.676212511835
767.9999999999997,881.0965253888386,765.8572,759.3939121861268,798.1668451923429
1432.9999999999998,1514.7086221418278,1465.7319,1448.1659660884857,1474.2768393242995
782.9999999999998,842.5894827917098,810.45984,795.1165453583754,814.7285854199756
1365.0000000000002,1341.5021250200919,1353.6191,1395.0428652720568,1364.4823334664818
731.9999999999999,1020.4159728360347,773.5168,736.7425599409488,834.7155533086582
611.0,781.4924619939923,669.1577,740.3510316785607,727.7757998810064
2054.999999999999,1833.0073462132025,2054.41,2080.8673008015758,1997.2492161757623
1980.9999999999989,1781.1122557278798,1981.6305,1969.3371466974352,1917.1723567734036
1431.0000000000002,1558.8472881742239,1427.1931,1419.40088519901,1463.9620743969206
1692.0000000000002,1704.2988476671867,1669.294,1687.052447206364,1686.010879474727
1648.9999999999998,1312.988804888301,1526.6221,1648.0279691399076,1505.0241186537392
994.0,1204.461167529216,1028.1388,1005.1063870220435,1072.974157493824
1741.9999999999998,1462.4499214415403,1681.6085,1753.0554223215495,1640.8673625262545
1256.9999999999995,955.3490903753775,1265.759,1168.4778727363553,1138.5876380879158
651.0000000000001,781.380311111763,643.02783,661.2960412059961,690.9274459148072
2293.9999999999986,1952.4192343444267,2173.3665,2242.0676316889217,2131.1276640507003
2020.9999999999986,1916.647261526673,2027.3527,2000.5823866580822,1984.7714390812994
1768.9999999999998,1769.304814671491,1748.7687,1764.0007890580769,1760.2607513334929
842.0,1165.1039011216328,887.7885,862.8910068944174,962.2690054155515
2466.0,2173.4783598942377,2297.3887,2320.090636372664,2268.1612292338596
1985.9999999999989,1601.6705876802325,2018.6531,1969.399731178968,1876.3196466698337
1174.0000000000002,1292.4688754623826,1177.9052,1173.3325522183527,1210.673840583107
1483.0,1412.769972627529,1460.9475,1493.056542875107,1457.7324163160306
1682.0,1733.30928095183,1692.9022,1708.700187394723,1710.5535969440145
1556.0000000000002,1514.2971089977757,1557.5706,1574.714145307341,1550.588741760027
2126.9999999999986,1799.3908228392963,2113.36,2082.065533505864,2008.2162089694662
2026.999999999999,2098.778925926467,2142.9607,2049.0553945605798,2096.8393207569557
712.9999999999998,837.8061989364793,707.6215,708.7735373593314,747.080124001827
694.9999999999995,972.311855831686,717.6685,702.2965090185472,788.6813101257238
1130.9999999999993,1218.4679264908204,1138.1871,1149.475474130191,1166.222272408438
664.0,780.1663983190397,675.5068,656.2814767381666,700.1758045181327
2291.9999999999995,1861.6108858726323,2220.4277,2341.340676470404,2155.1022217647123
1974.9999999999993,1872.998038902427,2010.294,1986.6621759482089,1960.8340174908824
1115.0,1015.8732323841641,1100.1154,1095.6208709925475,1073.2696493185003
2212.9999999999986,1971.4375089505636,2171.0193,2245.1824730381345,2137.1018687367973
682.9999999999998,960.3804319446662,705.88184,686.4733588543788,775.4384447087996
1243.9999999999998,1150.878794790557,1192.6199,1216.7718724009787,1188.5507554474316
2244.9999999999995,1956.9775810611216,2176.043,2198.3652591636337,2118.1361662951394
1215.9999999999995,1029.048951923908,1177.1819,1222.373797969669,1148.5591562239783
2497.0,1881.5919238992362,2246.1226,2387.978310181525,2186.412869034086
1241.0000000000002,1358.6373835080506,1261.607,1241.1299075725756,1283.5491521852387
1248.9999999999995,1267.8023939160175,1252.1213,1237.023665357617,1251.5414632081743
912.9999999999997,1155.1316792341258,938.6551,925.8616715148717,999.1203551578647
2180.9999999999995,1627.335730650039,2096.7148,2141.207655033751,1971.4735571482308
1810.999999999999,1590.1353215640936,1816.4824,1785.9734891229919,1737.9001775255565
1125.9999999999993,1368.2474703380187,1156.0164,1149.1245709623358,1217.273553828848
825.9999999999999,1127.956204753711,863.97205,825.2152315371505,929.6023902180222
722.0000000000001,856.3975927242029,723.3762,736.9733717917844,768.0416290869636
2339.999999999999,1786.7273214806921,2155.6738,2227.784433674387,2070.228588073993
666.9999999999998,898.0812761905465,694.8523,662.4278079541269,744.4724188637646
692.0,847.9811869138496,672.3506,679.8925547950805,727.6794583823158
1503.9999999999998,1675.2800233181654,1521.4503,1519.4959185616437,1566.9152078865563
1711.9999999999995,1505.1699036884547,1676.7214,1713.1377173533774,1638.0016502075623
2150.9999999999986,2066.058837000857,2163.4016,2162.1025320346826,2133.7440890702082
2300.9999999999986,1581.3680227519797,2114.1396,2245.5128528519144,2000.2887578628263
2292.999999999999,1678.64791565743,2081.7734,2227.357816631162,2011.790277022042
2465.0,2174.0654657561713,2277.8826,2303.447459886906,2255.685161820081
2154.9999999999995,1909.374155609861,2116.2122,2147.6561064481257,2065.166139310896
939.0000000000001,1132.298359513346,970.1759,934.1693984665686,1006.2103512723809
2200.0,2004.4144305044672,2184.2688,2132.406749477356,2112.1607710582584
744.9999999999997,916.4887083981597,719.89636,725.6575119823891,780.8904715716825
1588.9999999999989,1822.1083361992344,1666.9922,1639.3763224788897,1703.8614793523816
1631.0,1587.9186351816202,1653.5778,1618.8947223123546,1621.740940629435
2302.999999999999,2050.3572326423105,2206.5032,2257.939287083757,2177.662043318883
549.9999999999997,790.3391385515463,589.02203,589.5750181434843,649.6107127594333
625.9999999999995,876.0007925788777,644.2583,668.9081497931198,722.4084924229348
2070.9999999999995,1663.8352607410234,1996.3802,2035.7512322825876,1910.3966027829315
2145.0000000000005,1853.6175902642603,2155.3264,2143.0268461198407,2060.508931033722
1982.9999999999993,2003.5174291794483,1985.3995,1988.9646085335253,1992.082673283537
1775.0000000000002,1695.8776513888158,1806.0496,1764.2118068623656,1758.354737388785
559.9999999999998,746.162075355039,602.724,585.364024326631,639.6794307790356
2044.9999999999993,1364.7135427168882,2030.6729,2015.3319644317053,1825.5157239989758
2298.999999999999,1860.6499761121001,2176.99,2255.739788140787,2109.650390850874
1926.0,1628.331757641181,1953.2051,1942.71391235502,1852.07116175333
1987.9999999999989,1768.758792258412,1975.9286,1956.9598140878074,1907.1385848152872
1916.999999999999,2083.8388795457167,1991.8994,1920.9116679974836,1994.6355425847091
1018.9999999999998,1230.7347905483011,1028.6733,1014.7843024560209,1084.4306180729257
624.9999999999999,776.9264537392171,637.0532,628.1705169120718,675.9062449706777
1810.999999999999,1996.0866566124873,1872.3881,1860.1306042585436,1905.207523903924
1637.9999999999989,1485.7368344175939,1671.6858,1670.612132806509,1615.5253236630251
1310.9999999999995,1520.2598033132158,1324.7429,1301.374085769649,1375.2188746754512
1033.9999999999998,997.5570231387544,1051.9185,1014.2349843920176,1022.4207992327387
1439.9999999999995,1215.9362744491702,1416.3802,1482.8045399392392,1379.4955645752036
2310.0000000000005,2163.16625680413,2240.8184,2307.150382978622,2240.738949072038
1412.9999999999993,1424.351146279073,1382.5118,1393.276314344053,1398.8312042947655
2060.0,1866.54755892704,2065.7485,2063.7125461563205,2005.275621723449
842.0,884.8513854569904,840.2646,837.7283268052395,852.7529203509621
2462.9999999999995,1720.3285123239625,2170.4507,2209.9474598456927,2049.2378794869314
1535.0000000000002,1315.7796646715149,1602.4026,1559.005873403425,1501.2268364403094
596.9999999999998,832.9472247152812,623.846,622.8767251948068,686.2371210862823
1406.0000000000002,1344.7647046577224,1436.045,1442.2142140176607,1410.820139477326
1515.0000000000002,1554.4679576679396,1509.1682,1524.8232495198106,1528.237386937003
1923.9999999999993,1751.1307812973425,1947.7549,1937.5154488884857,1885.183813863454
607.0000000000001,724.8519047880942,630.5547,629.9739264629485,658.6405832717024
2044.9999999999993,2112.9473338463226,2074.834,2064.850131850951,2082.7736408329797
1033.0,1042.9565075196658,1002.6589,1018.755099891043,1020.3818402451086
2144.0000000000005,1856.1004977229552,2140.7495,2102.229960888806,2041.872964729531
1324.0,1163.1396150815692,1334.6154,1345.1496065508272,1286.8596032625728
1442.9999999999998,1547.607132419394,1457.094,1456.2643845008279,1483.9575539397797
1996.999999999999,1489.8683770097193,1956.1062,1999.2533833898872,1831.3363432854699
1919.0000000000002,1945.8416702785698,2019.2811,1941.5362551996684,1970.0386034893922
1291.0,1334.947049390203,1269.4152,1288.8921983696748,1295.8916723323846
1807.9999999999995,1632.0645552012988,1849.8165,1862.4150505065031,1788.9004252532907
1212.0000000000002,1376.2657064700254,1215.6768,1214.6218149058066,1263.484194081868
1584.9999999999995,1250.603145181659,1490.3599,1617.5711999144346,1462.9567790518936
2494.9999999999986,1661.5205281065703,2138.3284,2341.6080222550077,2066.4338832134113
2344.0,1843.5947233695874,2190.3335,2291.9487495337025,2121.877178566422
2154.9999999999995,2122.219696026853,2152.0068,2142.693758962507,2139.8111170230586
2235.0000000000005,1865.964621404406,2128.7578,2193.0145925001757,2072.4097403784144
2139.0,2067.4634930328903,2244.306,2202.335844060756,2176.563673409257
2421.9999999999986,2197.7978174327227,2286.166,2395.296605879866,2297.8512383424577
1153.9999999999998,1331.891427074902,1187.1055,1179.8010909164832,1227.984717902224
1589.9999999999998,1810.5411991930264,1599.0955,1594.427780513024,1660.8954935819975
1891.9999999999998,1740.2863276172818,1921.1473,1917.5785306880869,1865.6399343189837
796.9999999999995,881.2292081841248,817.8462,813.330945944289,835.2807483208949
1243.9999999999998,1431.3278486908425,1275.538,1278.5672753299598,1323.33519442977
1895.9999999999989,1809.7355431443898,1895.8923,1871.2280891850367,1861.412811052611
2306.999999999999,1528.2263885550512,2126.558,2180.5640739196215,1965.9606915594768
1178.9999999999995,1273.10602039933,1174.1448,1197.7656319824048,1212.1004303898126
1250.9999999999998,1277.533006329607,1249.3119,1237.5195922789198,1253.6509144699414
1463.9999999999993,1283.1100663271484,1452.7876,1473.9435004309005,1409.288892021616
769.9999999999998,825.2251621336223,782.2939,761.464676390648,787.883041822126
1479.999999999999,1458.8189915424687,1474.2577,1464.145581190277,1466.0868242191814
1457.9999999999993,1658.0844897933368,1471.3174,1464.4937699606057,1524.9592259945255
1397.9999999999993,1501.6651088312924,1423.3784,1460.4725665740332,1459.8473650323306
2335.9999999999986,2083.7517210885603,2250.8882,2291.1628861485055,2214.8433785293264
2395.9999999999986,2206.2211270176235,2273.3384,2330.253708858235,2273.123532201763
1125.9999999999993,1267.635623086452,1174.1011,1137.988632684675,1189.522072135103
1062.9999999999993,991.4810365337813,1059.829,1074.5389705152136,1044.473075152178
1819.999999999999,2005.4086985292802,1937.1848,1856.2405844782338,1929.3214625636658
2069.0,2084.9309710865045,2098.6343,2103.638166786652,2096.2746223575296
1080.9999999999995,1192.252408492732,1099.6943,1077.2819768877337,1119.61741982962
2478.999999999999,2033.6876382586247,2263.7815,2390.359570151301,2239.055627358668
1429.9999999999995,1510.6269872314226,1444.1599,1460.6218648371541,1469.8617119971964
2151.999999999999,1777.2030303109113,2051.6294,2125.632248143079,1995.2024474081948
1952.9999999999993,1724.9742993608927,1937.1654,1983.8062635672534,1889.8323555919626
2442.0,2150.238821242576,2269.352,2374.4742704210116,2270.4108343795015
1611.999999999999,1569.3758789675612,1633.9902,1633.7822472784874,1614.5330956478952
1036.0000000000002,1248.1377023210691,1087.8054,1058.7129455137315,1125.7227447022985
2374.999999999999,1684.9027456778342,2237.0469,2232.87460580404,2069.9433053636703
1333.999999999999,1359.4211824565587,1339.9968,1343.4981164132016,1347.0495663311974
1099.9999999999998,1029.0308997575626,1103.4017,1114.7615742791977,1085.0664337179567
2057.9999999999995,1659.8896907569417,2001.7611,2054.853640909091,1917.7820755882333
946.9999999999997,1074.987466234304,973.2009,967.6253249066586,1001.7854343981686
885.0000000000001,1100.840487589994,911.14136,885.68489275339,959.141333838341
828.9999999999998,934.4716094987685,847.7178,852.5886258694935,875.4487042965313
1494.9999999999993,1475.8022518740709,1457.8973,1519.880350254401,1484.9628667547772
1248.0,1323.5612035656814,1245.6995,1261.9849494291527,1274.7579053816266
1611.999999999999,1572.425468798268,1622.8463,1578.689072835307,1592.2650319521504
1777.0000000000002,1981.76265667563,1883.5841,1852.245002790443,1902.06900354575
1289.0,1372.9083441244748,1272.8928,1284.4947503976755,1306.958147565982
1289.0,1312.3901489626867,1297.8354,1280.2737583623891,1296.0552612386891
1390.9999999999993,1505.173218294773,1397.9254,1387.8165754207182,1426.5616621493552
2317.0,1828.523863011732,2197.2722,2229.046670985225,2097.7687818342856
751.0000000000001,1054.5011891849108,752.5504,756.5949852222276,844.5512407434092
2233.999999999999,1858.5101519534005,2187.1863,2254.5140776352987,2112.148170512281
688.9999999999998,934.3464275697698,715.9961,693.2510480647356,773.5404279060884
856.0000000000001,898.692042488841,874.3004,866.1563597102994,878.7674655983822
2202.999999999999,2044.2522813435887,2176.4292,2192.2634236696517,2142.3180657929233
1709.9999999999998,1521.223755211044,1680.8915,1665.196763150453,1627.4980053847216
1494.9999999999993,1346.0776718355098,1496.4854,1480.0700133492396,1445.6176426486682
1831.9999999999995,1642.1920303252823,1825.835,1830.2583362802168,1772.2902631237853
1200.0,1241.4092767480997,1228.1652,1190.1898393843462,1218.8470148948886
1855.999999999999,1836.2768031510534,1877.0955,1854.925220471643,1857.0902665478911
1914.9999999999998,1841.3900703475636,1926.4312,1933.0097750988816,1903.2213579162212
1578.999999999999,1470.8656788984488,1614.7333,1582.635104416208,1560.338606426145
921.0000000000001,1186.741457397186,949.4645,939.2943055370309,1017.0880051922729
1601.9999999999993,1509.9279894158376,1603.3142,1609.9861995036445,1577.6335397955581
1285.9999999999993,1308.9714479282422,1295.2102,1284.428807560182,1295.5650949053957
2341.999999999999,2135.3784900528335,2260.046,2306.296199670591,2238.8332691466508
1841.9999999999995,1652.7617073891256,1786.0505,1812.8711855789752,1755.4511029506289
2228.9999999999986,1839.2691008826323,2187.7947,2241.970812712428,2102.198664128202
1199.0,1446.2664907398816,1233.9913,1203.7962362100595,1287.1056025517353
1084.9999999999998,1257.9897272553847,1088.9342,1090.0120826406587,1140.028100225846
2165.0,1849.717291398768,2103.5317,2156.408042459877,2045.8940862649624
1963.0,1909.7504119296416,1979.091,1960.6564309027701,1951.8366981253307
1936.9999999999989,1716.9159215046257,1934.3689,1974.3900301925794,1883.1404007883216
1553.0,1412.4401430820515,1507.0497,1545.9262551867323,1492.2736394665342
1579.9999999999993,1596.162585716105,1587.1879,1633.099264313876,1605.9492652950003
2023.9999999999995,1990.368823670257,2061.5317,2007.2444837048745,2021.1822881751268
1145.9999999999993,1151.7473638077463,1150.4783,1133.9555530443017,1145.076041623845
1488.999999999999,1380.059219251937,1494.9209,1479.7866257609023,1455.1653748309595
1279.0,1106.838128370587,1267.999,1297.9629011607797,1230.1381060170584
877.9999999999998,988.8590122320043,928.702,891.5090684166514,933.7315929474605
1025.9999999999995,1059.6252371623132,1007.02484,1002.6401471132001,1021.2703018375328
1178.9999999999995,1275.454866036201,1182.4268,1168.1664297715768,1205.344075465287
2430.9999999999986,2108.6570084783093,2286.8555,2363.1918797162475,2260.1136745066797
1353.0000000000002,1374.0134316204553,1356.6324,1330.1404042663537,1352.5745210770165
2388.999999999999,1534.9367336867263,2181.707,2235.2358135767454,2006.4110280024101
1847.9999999999998,1876.1349942151235,1820.6218,1822.7329088099025,1838.0146677151904
1579.9999999999993,1639.2331727854266,1604.5211,1556.9246085400443,1598.275962285581
757.0,985.8800023302132,742.8272,764.3360468662173,823.271149572943
2267.999999999999,2019.8371513278873,2226.5725,2273.259245436829,2180.8922353051626
1763.9999999999998,1785.6539663082146,1800.9745,1794.4865606145975,1794.1075505606987
1553.9999999999998,1617.3255810933224,1550.7726,1549.0238019280823,1570.126390745013
857.9999999999997,915.199120829467,862.8423,848.6675103759673,873.5881463745692
1086.9999999999998,1104.185378851196,1092.8652,1107.8111026382994,1101.4923377135292
1911.9999999999998,1826.5944278886366,1931.9747,1905.7345901065332,1891.1765970132528
903.9999999999997,891.0520109497604,859.527,900.5581421839561,883.3453951879846
776.9999999999998,815.0015468531304,802.1553,758.4841956880692,790.7242660428572
606.0,809.4746753338211,640.00726,661.7583974076305,698.4603746518013
686.9999999999999,884.818628542657,714.376,689.0612967394758,756.648628114973
1935.9999999999993,1548.0240207121037,1928.8112,1918.4026104699558,1810.9320432179593
2429.0,1487.0845142682488,2114.3928,2221.4141034528957,1963.6577660749253
1362.9999999999993,1487.0167265912285,1357.2612,1363.1651296698894,1398.2542257153455
711.0,816.6204853647749,688.3509,695.1581515121436,729.2143044248155
1231.9999999999998,1460.3498611592331,1289.9346,1230.6781499906526,1320.3193921433265
1490.9999999999995,1497.9349047757478,1513.1896,1508.4080520727664,1506.939622666005
985.9999999999994,962.35358616284,961.43475,972.917543643541,965.7293828721381
1564.9999999999998,1589.910359992408,1624.9429,1566.5065565043296,1593.9803832429875
1042.0000000000002,1134.8128548191278,1070.8331,1018.0045986546355,1071.537061433845
694.9999999999995,925.6942479366635,708.903,705.8686823204816,772.8783715427769
1250.9999999999998,1165.800566338181,1276.614,1256.0580130767669,1236.1753853669945
824.9999999999997,1095.6501166339183,854.3405,815.8345836204719,913.2563042964032
1845.9999999999998,1798.506449132543,1866.3733,1883.7585827942364,1852.0980905732144
1677.9999999999998,1900.1205343017684,1772.591,1718.3679556135667,1791.871744071685
1933.9999999999989,1760.3888677110479,1862.0402,1955.0226640244553,1864.0886430148423
1431.0000000000002,1215.245459618343,1422.415,1415.1207124173482,1357.7111325929027
579.9999999999998,786.149786535778,631.561,586.9591344596591,662.3269739639969
1033.0,936.0005353870354,1055.7653,1023.442377010603,1008.5228148354465
1743.0000000000002,1771.9215505033712,1778.2722,1759.210673723979,1769.6954646262789
923.9999999999998,1125.2124110249845,953.1053,920.0573323443323,993.1706426553553
1343.0000000000002,1505.5756302093691,1368.5096,1337.3181397260562,1398.7124010040397
635.9999999999999,810.2080234324512,626.7662,674.0205074352206,698.3377486945626
722.9999999999998,877.6545339992786,728.744,723.4310224023887,771.557627586518
1617.999999999999,1467.7297212113479,1578.8695,1647.4464533129474,1569.5294841049672
2098.0000000000005,2119.8196277162233,2127.1567,2142.384900155758,2130.2854251467256
2305.0,2195.722450867033,2258.5457,2302.190905851604,2254.974519105046
2413.999999999999,2131.259441886676,2252.3008,2365.7954206113823,2255.7114665963927
546.0,733.2481905623196,626.24347,614.5241681908791,654.2431272171441
1585.999999999999,1782.0812382136705,1592.7372,1588.4770863015249,1648.0493594821348
1767.9999999999995,1546.9957196345808,1822.8904,1797.4203580413068,1731.207437884519
1858.9999999999995,1607.6350325724854,1832.1666,1845.683230430786,1769.5379412037707
731.9999999999999,838.5332099186716,752.05005,732.1057243370938,771.0144652728811
2471.999999999999,1994.342556010671,2269.416,2364.4676728245395,2220.162045553509
505.9999999999997,780.538408560335,583.8169,592.9232798157856,646.0205774860474
502.0,778.5883012167614,592.2047,549.5630966550044,633.1952264159596
572.9999999999997,738.5543257738301,601.41187,576.0194807948791,633.6672718941458
1485.0000000000002,1716.357476678085,1513.5629,1521.7847192129768,1577.2789040053112
539.9999999999998,824.6463760797736,607.04144,630.1220048483789,680.4011225775052
1533.9999999999998,1448.1731596690238,1536.0162,1553.6441283108775,1515.833044664983
1773.9999999999989,1749.5565028450455,1817.5513,1796.8342741650802,1789.901891147229
1319.9999999999998,1284.8036303312545,1306.5426,1340.8651514097937,1312.0338090849916
2207.999999999999,2058.9657558124604,2172.8118,2197.903133652182,2147.4399543813765
694.9999999999995,946.6779609464152,705.0871,669.5938817986688,765.1417339740055
749.9999999999998,884.2195671678279,782.62335,775.8975215312425,810.74818505933
1974.9999999999993,2152.673263537957,2072.7495,2038.8995691403345,2084.879169569098
2325.0000000000005,2081.734911614315,2213.5437,2304.961898044375,2205.997433209982
881.0000000000001,1029.8174232250244,875.87195,894.4391709761569,928.5541125904122
812.9999999999998,992.9538410382565,827.50323,815.1704975553324,872.8219556062339
1150.9999999999993,1231.2619175031505,1157.6444,1140.3947796193347,1173.6922852270873
1582.9999999999989,1324.6652257705769,1565.5952,1600.7636961166857,1505.6251743602943
629.0000000000001,837.70876280797,646.96515,670.9819712443918,712.5941239537093
2339.999999999999,1917.1411975365916,2212.0354,2304.3811059522886,2155.888148688028
539.9999999999998,743.8255667438511,631.1874,645.1426924323722,669.8631854946028
1777.9999999999995,1648.7744745739144,1714.4841,1797.410394676405,1723.7954385167286
2232.0,2075.667796844106,2215.644,2198.480424930069,2167.6438906107874
1447.9999999999998,1293.4116167431218,1451.4926,1437.2362090971346,1399.0785581092773
2424.999999999998,1598.0802304184017,2148.5847,2180.523648626961,1994.6119848168319
950.0,960.9070229195034,969.1433,940.3540934996015,956.5962043956333
1460.0000000000002,1410.7626528794774,1412.7367,1451.1161004275093,1425.5772557205028
1469.0,1660.3221279803315,1487.9425,1472.1489720783757,1534.1286248129372
2378.0,2082.0018519418372,2265.656,2315.579848499112,2228.033116815053
2132.9999999999986,1937.3855860473436,2124.216,2135.4566484583893,2072.1010887121392
2048.999999999999,1568.541396576988,2012.2821,2057.8875313297763,1895.1217609932055
2208.9999999999995,2128.517105988617,2205.5928,2235.21043208981,2192.836241524112
1049.0,1005.0865837981996,1027.3771,1019.1198031923491,1017.7998764716258
597.9999999999999,764.8828867891154,629.95264,591.7598959756738,657.0642433245096
2412.999999999998,2189.753632177845,2291.7087,2315.5209520505123,2269.45644533197
1481.9999999999995,1502.28136620048,1484.9083,1455.9006483818957,1479.96753230162
1243.9999999999998,1211.705441608125,1228.6141,1216.269712354009,1219.220985419622
2237.9999999999995,1767.131591634672,2127.4023,2170.4481009843184,2034.387133147413
2305.9999999999995,1892.734396048783,2169.52,2210.7489700367705,2100.914428542348
